{
  "minecraft:recipes/food/cake": {
    "criteria": {
      "has_egg": "2024-07-14 16:35:43 +0200"
    },
    "done": true
  },
  "minecraft:recipes/decorations/crafting_table": {
    "criteria": {
      "unlock_right_away": "2024-07-14 16:34:23 +0200"
    },
    "done": true
  },
  "minecraft:recipes/misc/yellow_dye_from_dandelion": {
    "criteria": {
      "has_dandelion": "2024-07-14 16:34:51 +0200"
    },
    "done": true
  },
  "minecraft:adventure/adventuring_time": {
    "criteria": {
      "minecraft:plains": "2024-07-14 16:34:25 +0200"
    },
    "done": false
  },
  "DataVersion": 3953
}