{"stats":{"minecraft:killed_by":{"minecraft:player":3,"minecraft:skeleton":2,"minecraft:zombie":1,"minecraft:enderman":2,"minecraft:iron_golem":1},"minecraft:picked_up":{"minecraft:pink_petals":143,"minecraft:crafting_table":3,"minecraft:iron_chestplate":4,"minecraft:wheat":5,"minecraft:feather":8,"minecraft:cooked_beef":4,"minecraft:chicken":4,"minecraft:salmon":2,"minecraft:golden_pickaxe":1,"minecraft:leather":6,"minecraft:oak_stairs":2,"minecraft:flint":3,"minecraft:oak_log":46,"minecraft:yellow_bed":10,"minecraft:lapis_lazuli":50,"minecraft:string":2,"minecraft:dirt":130,"minecraft:raw_copper":20,"minecraft:cooked_salmon":2,"minecraft:flint_and_steel":1,"minecraft:iron_leggings":3,"minecraft:oak_sign":1,"minecraft:apple":2,"minecraft:wheat_seeds":38,"minecraft:iron_ingot":2,"minecraft:beef":12,"minecraft:cooked_chicken":2,"minecraft:rose_bush":1,"minecraft:poppy":1,"minecraft:iron_pickaxe":3,"minecraft:iron_sword":4,"minecraft:oak_planks":53,"minecraft:furnace":2,"minecraft:iron_boots":1,"minecraft:egg":3,"minecraft:stick":27,"minecraft:raw_iron":73,"minecraft:oak_door":3,"minecraft:torch":20,"minecraft:dandelion":1,"minecraft:gravel":1,"minecraft:porkchop":4,"minecraft:pointed_dripstone":2,"minecraft:diorite":1,"minecraft:white_bed":1,"minecraft:leather_helmet":1,"minecraft:stone_sword":1,"minecraft:rotten_flesh":3,"minecraft:stone_axe":2,"minecraft:hay_block":7,"minecraft:bread":7,"minecraft:oak_sapling":24,"minecraft:coal":82,"minecraft:white_wool":5,"minecraft:cobblestone":154},"minecraft:dropped":{"minecraft:iron_ingot":1,"minecraft:wheat_seeds":6,"minecraft:stone_sword":1,"minecraft:feather":4,"minecraft:stick":4,"minecraft:wooden_pickaxe":1,"minecraft:iron_pickaxe":1,"minecraft:iron_shovel":1},"minecraft:used":{"minecraft:stone_sword":5,"minecraft:flint_and_steel":25,"minecraft:stone_pickaxe":21,"minecraft:oak_planks":127,"minecraft:chest":2,"minecraft:wooden_pickaxe":44,"minecraft:shield":1,"minecraft:iron_sword":78,"minecraft:oak_door":2,"minecraft:cooked_chicken":3,"minecraft:white_wool":4,"minecraft:leather_boots":1,"minecraft:iron_chestplate":3,"minecraft:salmon":2,"minecraft:torch":10,"minecraft:dirt":89,"minecraft:crafting_table":4,"minecraft:apple":2,"minecraft:oak_stairs":2,"minecraft:bread":4,"minecraft:iron_pickaxe":212,"minecraft:gravel":1,"minecraft:stone_axe":56,"minecraft:pink_petals":90,"minecraft:fire_charge":1,"minecraft:cobblestone":52,"minecraft:oak_sapling":5,"minecraft:furnace":8,"minecraft:yellow_bed":8,"minecraft:egg":3,"minecraft:cooked_beef":7,"minecraft:iron_leggings":3},"minecraft:custom":{"minecraft:interact_with_furnace":91,"minecraft:mob_kills":20,"minecraft:interact_with_crafting_table":36,"minecraft:leave_game":9,"minecraft:time_since_death":2468,"minecraft:sleep_in_bed":16,"minecraft:time_since_rest":2489,"minecraft:sprint_one_cm":494352,"minecraft:damage_taken":4587,"minecraft:walk_one_cm":600073,"minecraft:damage_blocked_by_shield":10,"minecraft:drop":19,"minecraft:damage_dealt":3305,"minecraft:player_kills":1,"minecraft:swim_one_cm":20452,"minecraft:fly_one_cm":303041,"minecraft:open_chest":69,"minecraft:crouch_one_cm":10559,"minecraft:play_time":276749,"minecraft:deaths":15,"minecraft:sneak_time":4582,"minecraft:walk_under_water_one_cm":35765,"minecraft:jump":3129,"minecraft:walk_on_water_one_cm":34140,"minecraft:total_world_time":276749,"minecraft:fall_one_cm":93451},"minecraft:killed":{"minecraft:pig":1,"minecraft:salmon":3,"minecraft:spider":2,"minecraft:skeleton":1,"minecraft:zombie":3,"minecraft:chicken":5,"minecraft:enderman":1,"minecraft:cow":4},"minecraft:crafted":{"minecraft:cooked_beef":12,"minecraft:oak_planks":176,"minecraft:crafting_table":1,"minecraft:cooked_chicken":4,"minecraft:wooden_pickaxe":1,"minecraft:iron_sword":1,"minecraft:furnace":6,"minecraft:stone_axe":1,"minecraft:iron_chestplate":1,"minecraft:shield":2,"minecraft:stick":52,"minecraft:iron_ingot":35,"minecraft:stone_pickaxe":2,"minecraft:iron_pickaxe":3,"minecraft:stone_sword":1,"minecraft:chest":2,"minecraft:iron_shovel":1,"minecraft:iron_leggings":1},"minecraft:mined":{"minecraft:white_bed":2,"minecraft:oak_door":2,"minecraft:dandelion":1,"minecraft:crafting_table":2,"minecraft:torch":4,"minecraft:short_grass":46,"minecraft:grass_block":58,"minecraft:copper_ore":5,"minecraft:tall_grass":2,"minecraft:cobblestone":12,"minecraft:lapis_ore":4,"minecraft:oak_planks":11,"minecraft:diorite":1,"minecraft:wall_torch":5,"minecraft:pink_petals":34,"minecraft:tall_seagrass":2,"minecraft:furnace":2,"minecraft:iron_ore":37,"minecraft:fire":1,"minecraft:birch_leaves":3,"minecraft:bee_nest":1,"minecraft:yellow_bed":8,"minecraft:coal_ore":54,"minecraft:oak_log":37,"minecraft:gravel":2,"minecraft:dirt":13,"minecraft:stone":149,"minecraft:white_wool":1,"minecraft:oak_leaves":35},"minecraft:broken":{"minecraft:iron_pickaxe":1}},"DataVersion":3953}