{"stats":{"minecraft:killed_by":{"minecraft:player":1,"minecraft:iron_golem":1},"minecraft:picked_up":{"minecraft:iron_chestplate":1,"minecraft:crafting_table":4,"minecraft:wheat":15,"minecraft:chicken":4,"minecraft:golden_pickaxe":1,"minecraft:wooden_pickaxe":1,"minecraft:oak_stairs":1,"minecraft:shield":1,"minecraft:string":2,"minecraft:raw_copper":19,"minecraft:flint_and_steel":3,"minecraft:iron_leggings":1,"minecraft:iron_shovel":1,"minecraft:oak_sign":1,"minecraft:cobbled_deepslate":145,"minecraft:light_weighted_pressure_plate":2,"minecraft:beef":19,"minecraft:rose_bush":1,"minecraft:poppy":5,"minecraft:iron_pickaxe":5,"minecraft:chest":3,"minecraft:egg":6,"minecraft:furnace":2,"minecraft:stick":2,"minecraft:raw_iron":121,"minecraft:torch":14,"minecraft:porkchop":8,"minecraft:pointed_dripstone":16,"minecraft:diorite":16,"minecraft:redstone":47,"minecraft:stone_sword":1,"minecraft:arrow":3,"minecraft:rotten_flesh":6,"minecraft:hay_block":24,"minecraft:mutton":3,"minecraft:cobblestone":437,"minecraft:white_wool":9,"minecraft:stripped_oak_log":1,"minecraft:birch_log":7,"minecraft:pink_petals":149,"minecraft:feather":7,"minecraft:cooked_beef":4,"minecraft:andesite":10,"minecraft:salmon":2,"minecraft:leather":8,"minecraft:flint":2,"minecraft:tuff":2,"minecraft:oak_log":74,"minecraft:yellow_bed":16,"minecraft:lapis_lazuli":38,"minecraft:dirt":177,"minecraft:bone":2,"minecraft:wheat_seeds":137,"minecraft:raw_gold":10,"minecraft:iron_ingot":6,"minecraft:iron_sword":2,"minecraft:oak_planks":72,"minecraft:oak_pressure_plate":2,"minecraft:dripstone_block":5,"minecraft:gravel":33,"minecraft:white_bed":2,"minecraft:leather_helmet":3,"minecraft:diamond":19,"minecraft:granite":6,"minecraft:emerald":2,"minecraft:oak_sapling":11,"minecraft:coal":107},"minecraft:dropped":{"minecraft:iron_ingot":1,"minecraft:bread":7,"minecraft:iron_sword":2,"minecraft:lapis_lazuli":25,"minecraft:wheat_seeds":54,"minecraft:cooked_beef":5,"minecraft:crafting_table":1,"minecraft:feather":2,"minecraft:coal":7,"minecraft:dirt":2,"minecraft:iron_leggings":1,"minecraft:iron_pickaxe":5,"minecraft:pink_petals":67,"minecraft:stone_axe":1,"minecraft:stone_sword":1,"minecraft:raw_iron":22,"minecraft:poppy":2,"minecraft:iron_chestplate":1},"minecraft:used":{"minecraft:stone_sword":24,"minecraft:iron_shovel":46,"minecraft:flint_and_steel":1,"minecraft:stone_shovel":74,"minecraft:oak_sign":2,"minecraft:chest":6,"minecraft:shield":8,"minecraft:iron_sword":124,"minecraft:cooked_salmon":2,"minecraft:cooked_chicken":3,"minecraft:oak_door":3,"minecraft:torch":117,"minecraft:dirt":167,"minecraft:mutton":3,"minecraft:light_weighted_pressure_plate":3,"minecraft:oak_stairs":4,"minecraft:beef":4,"minecraft:hay_block":4,"minecraft:furnace":2,"minecraft:egg":4,"minecraft:cooked_beef":7,"minecraft:cobbled_deepslate":45,"minecraft:water_bucket":6,"minecraft:oak_planks":178,"minecraft:white_wool":2,"minecraft:crafting_table":3,"minecraft:white_bed":1,"minecraft:dripstone_block":1,"minecraft:diamond_pickaxe":1,"minecraft:chicken":1,"minecraft:bread":12,"minecraft:iron_pickaxe":846,"minecraft:oak_pressure_plate":5,"minecraft:stone_axe":130,"minecraft:pink_petals":80,"minecraft:cobblestone":313,"minecraft:porkchop":2,"minecraft:bucket":7,"minecraft:yellow_bed":14},"minecraft:custom":{"minecraft:mob_kills":30,"minecraft:interact_with_crafting_table":33,"minecraft:leave_game":4,"minecraft:time_since_death":864,"minecraft:sprint_one_cm":240454,"minecraft:walk_one_cm":889109,"minecraft:damage_blocked_by_shield":276,"minecraft:drop":109,"minecraft:play_time":237476,"minecraft:deaths":6,"minecraft:sneak_time":1126,"minecraft:walk_under_water_one_cm":31050,"minecraft:jump":2579,"minecraft:walk_on_water_one_cm":63827,"minecraft:total_world_time":237476,"minecraft:interact_with_furnace":78,"minecraft:sleep_in_bed":27,"minecraft:time_since_rest":1064,"minecraft:damage_taken":3184,"minecraft:damage_dealt":5327,"minecraft:swim_one_cm":20361,"minecraft:fly_one_cm":79842,"minecraft:player_kills":3,"minecraft:open_chest":74,"minecraft:crouch_one_cm":3276,"minecraft:fall_one_cm":51145},"minecraft:killed":{"minecraft:spider":1,"minecraft:skeleton":2,"minecraft:chicken":3,"minecraft:pig":2,"minecraft:salmon":1,"minecraft:iron_golem":1,"minecraft:creeper":1,"minecraft:sheep":4,"minecraft:zombie":4,"minecraft:enderman":1,"minecraft:cow":8},"minecraft:crafted":{"minecraft:oak_door":3,"minecraft:oak_planks":284,"minecraft:stone_shovel":1,"minecraft:oak_sign":3,"minecraft:leather_boots":1,"minecraft:oak_pressure_plate":3,"minecraft:cooked_chicken":2,"minecraft:iron_boots":1,"minecraft:chest":3,"minecraft:wheat":54,"minecraft:cooked_beef":3,"minecraft:coal_block":3,"minecraft:crafting_table":1,"minecraft:iron_helmet":1,"minecraft:iron_sword":1,"minecraft:cooked_salmon":2,"minecraft:bucket":1,"minecraft:stone_axe":2,"minecraft:bread":19,"minecraft:iron_chestplate":1,"minecraft:diamond_pickaxe":1,"minecraft:shield":1,"minecraft:light_weighted_pressure_plate":1,"minecraft:stick":48,"minecraft:iron_ingot":34,"minecraft:iron_pickaxe":2,"minecraft:oak_stairs":4,"minecraft:stone_sword":1,"minecraft:iron_leggings":1,"minecraft:gold_ingot":2,"minecraft:torch":110},"minecraft:mined":{"minecraft:tuff":2,"minecraft:white_bed":2,"minecraft:deepslate_diamond_ore":19,"minecraft:granite":6,"minecraft:grass_block":157,"minecraft:oak_pressure_plate":1,"minecraft:hay_block":10,"minecraft:redstone_ore":5,"minecraft:furnace":2,"minecraft:iron_ore":94,"minecraft:cobbled_deepslate":1,"minecraft:andesite":10,"minecraft:deepslate_iron_ore":11,"minecraft:oak_stairs":3,"minecraft:stripped_oak_log":1,"minecraft:stone":317,"minecraft:white_wool":4,"minecraft:deepslate_redstone_ore":5,"minecraft:crafting_table":4,"minecraft:torch":8,"minecraft:short_grass":81,"minecraft:poppy":1,"minecraft:chest":3,"minecraft:rose_bush":1,"minecraft:tall_grass":4,"minecraft:copper_ore":4,"minecraft:cobblestone":50,"minecraft:deepslate_coal_ore":5,"minecraft:lapis_ore":2,"minecraft:deepslate_gold_ore":10,"minecraft:oak_planks":18,"minecraft:diorite":16,"minecraft:wall_torch":7,"minecraft:pink_petals":36,"minecraft:light_weighted_pressure_plate":2,"minecraft:birch_log":7,"minecraft:wheat":6,"minecraft:birch_leaves":42,"minecraft:yellow_bed":12,"minecraft:oak_log":79,"minecraft:coal_ore":70,"minecraft:gravel":36,"minecraft:dripstone_block":3,"minecraft:dirt":47,"minecraft:deepslate":152,"minecraft:oak_leaves":96},"minecraft:broken":{"minecraft:leather_helmet":1,"minecraft:iron_pickaxe":1}},"DataVersion":3953}