{"stats":{"minecraft:used":{"minecraft:dirt":1},"minecraft:picked_up":{"minecraft:wheat_seeds":5,"minecraft:dandelion":2,"minecraft:dirt":1,"minecraft:egg":1},"minecraft:mined":{"minecraft:tall_grass":3,"minecraft:short_grass":26,"minecraft:grass_block":1,"minecraft:dandelion":2},"minecraft:custom":{"minecraft:jump":186,"minecraft:time_since_rest":1761,"minecraft:leave_game":1,"minecraft:damage_dealt":38,"minecraft:deaths":1,"minecraft:sprint_one_cm":17104,"minecraft:play_time":3477,"minecraft:damage_taken":305,"minecraft:time_since_death":1416,"minecraft:walk_one_cm":4511,"minecraft:total_world_time":3477,"minecraft:drop":2,"minecraft:fall_one_cm":6096,"minecraft:fly_one_cm":27344},"minecraft:dropped":{"minecraft:wheat_seeds":2}},"DataVersion":3953}